Scientific Name	Chemical	ChemicalName
Zingiber officinale	C007836	geraniol
Zingiber officinale	D002392	Catechin
Zingiber officinale	D005707	Gallic Acid
Zingiber officinale	C018381	salvin
Zingiber officinale	C008281	limonene
Zingiber officinale	C019286	camphene
Zingiber officinale	C007633	estragole
Zingiber officinale	C007845	gingerol
Zingiber officinale	C006552	kaempferol
Zingiber officinale	D005054	Eugenol
Zingiber officinale	C040115	shogaol
Zingiber officinale	C040048	caffeic acid
Zingiber officinale	D011794	Quercetin
Zingiber officinale	C007210	4-cymene
Zingiber officinale	D002164	Camphor
Zingiber officinale	C025473	gamma-sitosterol
Zingiber officinale	C007078	citronellol
Zingiber officinale	C073316	carvacrol
Zingiber officinale	C041376	rosmarinic acid
Zingiber officinale	C018584	linalool
Zingiber officinale	C006578	anethole
Zingiber officinale	D013943	Thymol
Gynostemma pentaphyllum	D012431	Rutin
Gynostemma pentaphyllum	C442759	ginsenoside Rb1
Thymus serpyllum	D013943	Thymol
Thymus serpyllum	D047310	Apigenin
Piper nigrum	D002392	Catechin
Piper nigrum	D005707	Gallic Acid
Piper nigrum	C018381	salvin
Piper nigrum	C007633	estragole
Piper nigrum	C006552	kaempferol
Piper nigrum	D005054	Eugenol
Piper nigrum	C040048	caffeic acid
Piper nigrum	D011794	Quercetin
Piper nigrum	C025473	gamma-sitosterol
Piper nigrum	C073316	carvacrol
Piper nigrum	C041376	rosmarinic acid
Piper nigrum	C008922	piperine
Piper nigrum	C006578	anethole
Piper nigrum	D013943	Thymol
Glycyrrhiza glabra	C007768	formononetin
Glycyrrhiza glabra	C107601	glabridin
Glycyrrhiza glabra	C056493	imiquimod
Glycyrrhiza glabra	C541528	licochalcone B
Glycyrrhiza glabra	D006034	Glycyrrhetinic Acid
Glycyrrhiza glabra	D019695	Glycyrrhizic Acid
Glycyrrhiza glabra	D012431	Rutin
Glycyrrhiza glabra	D019833	Genistein
Glycyrrhiza glabra	C083152	liquiritigenin
Glycyrrhiza glabra	C016527	isoquercitrin
Glycyrrhiza glabra	C037032	galangin
Glycyrrhiza glabra	C515155	glycycoumarin
Glycyrrhiza glabra	C005273	naringenin
Glycyrrhiza glabra	C040920	isoliquiritigenin
Glycyrrhiza glabra	C401293	licoricidin
Glycyrrhiza glabra	C083295	prunetin
Glycyrrhiza glabra	C488311	calycosin-7-O-glucopyranoside
Glycyrrhiza glabra	C058895	1-(2-methoxyphenyl)-4-(4-(2-phthalimido)butyl)piperazine
Bixa orellana	D024505	Tocopherols
Bixa orellana	C013649	plastochromanol 8
Bixa orellana	C082097	tocotrienol, delta
Coriandrum sativum	D005707	Gallic Acid
Coriandrum sativum	C008281	limonene
Coriandrum sativum	C082097	tocotrienol, delta
Coriandrum sativum	C006552	kaempferol
Coriandrum sativum	D012431	Rutin
Coriandrum sativum	C013015	hesperetin
Coriandrum sativum	C040048	caffeic acid
Coriandrum sativum	D011794	Quercetin
Coriandrum sativum	C047368	3-methylquercetin
Coriandrum sativum	D002164	Camphor
Coriandrum sativum	D024505	Tocopherols
Coriandrum sativum	D047310	Apigenin
Coriandrum sativum	C005273	naringenin
Coriandrum sativum	D004610	Ellagic Acid
Coriandrum sativum	C018584	linalool
Coriandrum sativum	D047311	Luteolin
Etlingera elatior	C036071	ergosterol-5,8-peroxide
Etlingera elatior	C016527	isoquercitrin
Etlingera elatior	D002392	Catechin
Etlingera elatior	D002726	Chlorogenic Acid
Etlingera elatior	C050229	demethoxycurcumin
Juniperus communis	C012526	quercitrin
Juniperus communis	C056493	imiquimod
Juniperus communis	C058895	1-(2-methoxyphenyl)-4-(4-(2-phthalimido)butyl)piperazine
Rumex acetosa	D004642	Emodin
Cichorium intybus	D005707	Gallic Acid
Cichorium intybus	D015026	Zeatin
Cichorium intybus	C040048	caffeic acid
Cichorium intybus	C010480	lupeol
Cichorium intybus	C002070	betulinic acid
Cichorium intybus	C025473	gamma-sitosterol
Cichorium intybus	C002503	betulin
Cichorium intybus	D004929	Esculin
Cichorium intybus	C007628	esculetin
Nigella sativa	C007633	estragole
Nigella sativa	C005246	myristicin
Nigella sativa	C007210	4-cymene
Nigella sativa	C003466	thymoquinone
Nigella sativa	C008574	beta-myrcene
Nigella sativa	C007078	citronellol
Nigella sativa	C073316	carvacrol
Nigella sativa	D019301	Oleic Acid
Nigella sativa	D017962	alpha-Linolenic Acid
Nigella sativa	C006923	carvone
Nigella sativa	D013943	Thymol
Murraya koenigii	D003474	Curcumin
Linum usitatissimum	C054125	sesamin
Linum usitatissimum	C075384	coniferaldehyde
Linum usitatissimum	C023022	linustatin
Linum usitatissimum	C023031	neolinustatin
Linum usitatissimum	D017962	alpha-Linolenic Acid
Linum usitatissimum	C060283	secoisolariciresinol
Linum usitatissimum	C100089	cycloartenol
Kaempferia galanga	C006552	kaempferol
Helianthus annuus	C004742	daidzein
Helianthus annuus	C007768	formononetin
Helianthus annuus	C000596494	cyanidin 3-O-glucopyranoside
Helianthus annuus	C056493	imiquimod
Helianthus annuus	D011801	Quinic Acid
Helianthus annuus	C004541	biochanin A
Helianthus annuus	D015026	Zeatin
Helianthus annuus	C032005	fumaric acid
Helianthus annuus	C040048	caffeic acid
Helianthus annuus	D013395	Sucrose
Helianthus annuus	D019833	Genistein
Helianthus annuus	D014975	Lutein
Helianthus annuus	D003375	Coumestrol
Helianthus annuus	D002726	Chlorogenic Acid
Helianthus annuus	C058895	1-(2-methoxyphenyl)-4-(4-(2-phthalimido)butyl)piperazine
Helianthus annuus	C023623	brassinolide
Hyssopus officinalis	D047310	Apigenin
Hyssopus officinalis	C040048	caffeic acid
Hyssopus officinalis	D047311	Luteolin
Hyssopus officinalis	D011794	Quercetin
Hyssopus officinalis	D005707	Gallic Acid
Hyssopus officinalis	C005273	naringenin
Ferula assa-foetida	D019301	Oleic Acid
Ferula assa-foetida	C056493	imiquimod
Ferula assa-foetida	C058895	1-(2-methoxyphenyl)-4-(4-(2-phthalimido)butyl)piperazine
Ferula assa-foetida	C004999	ferulic acid
Ferula assa-foetida	C031477	7-hydroxycoumarin
Ferula assa-foetida	C025473	gamma-sitosterol
Artemisia absinthium	C054132	artemetin
Elsholtzia ciliata	C007836	geraniol
Theobroma grandiflorum	C012526	quercitrin
Theobroma grandiflorum	D002392	Catechin
Theobroma grandiflorum	C110309	quercetin 3-O-glucopyranoside
Theobroma grandiflorum	C006552	kaempferol
Artemisia vulgaris	D013185	Squalene
Artemisia vulgaris	C036380	amyrin
Artemisia vulgaris	C025473	gamma-sitosterol
Mentha arvensis	C056493	imiquimod
Mentha arvensis	C061545	myrtenal
Mentha arvensis	C008281	limonene
Mentha arvensis	C019286	camphene
Mentha arvensis	C007210	4-cymene
Mentha arvensis	C409816	isopulegol
Mentha arvensis	D008610	Menthol
Mentha arvensis	C024714	caryophyllene
Mentha arvensis	C018584	linalool
Mentha arvensis	C534317	myrtenol
Mentha arvensis	C058895	1-(2-methoxyphenyl)-4-(4-(2-phthalimido)butyl)piperazine
Mentha arvensis	C006923	carvone
Foeniculum vulgare	C040015	myricetin
Foeniculum vulgare	D011801	Quinic Acid
Foeniculum vulgare	D005707	Gallic Acid
Foeniculum vulgare	C008281	limonene
Foeniculum vulgare	C082097	tocotrienol, delta
Foeniculum vulgare	C007633	estragole
Foeniculum vulgare	C006552	kaempferol
Foeniculum vulgare	C028305	syringin
Foeniculum vulgare	C040048	caffeic acid
Foeniculum vulgare	C029010	cinnamic acid
Foeniculum vulgare	D011794	Quercetin
Foeniculum vulgare	C047368	3-methylquercetin
Foeniculum vulgare	D020156	Salicylic Acid
Foeniculum vulgare	D024505	Tocopherols
Foeniculum vulgare	D047310	Apigenin
Foeniculum vulgare	C013649	plastochromanol 8
Foeniculum vulgare	D009828	Oleanolic Acid
Foeniculum vulgare	C005273	naringenin
Foeniculum vulgare	C110309	quercetin 3-O-glucopyranoside
Foeniculum vulgare	C004999	ferulic acid
Foeniculum vulgare	C073734	sinapinic acid
Foeniculum vulgare	D047311	Luteolin
Foeniculum vulgare	C006578	anethole
Foeniculum vulgare	C031477	7-hydroxycoumarin
Piper longum	C008922	piperine
Piper longum	C054125	sesamin
Laurus nobilis	C083030	dehydrocostus lactone
Laurus nobilis	C012526	quercitrin
Laurus nobilis	C007836	geraniol
Laurus nobilis	D002392	Catechin
Laurus nobilis	D005707	Gallic Acid
Laurus nobilis	C018381	salvin
Laurus nobilis	C059006	tangeretin
Laurus nobilis	C008661	nobiletin
Laurus nobilis	C007633	estragole
Laurus nobilis	C006552	kaempferol
Laurus nobilis	D005054	Eugenol
Laurus nobilis	C040048	caffeic acid
Laurus nobilis	D011794	Quercetin
Laurus nobilis	C002601	eremanthin
Laurus nobilis	C073316	carvacrol
Laurus nobilis	C479580	procyanidin B2
Laurus nobilis	C002602	costunolide
Laurus nobilis	C041376	rosmarinic acid
Laurus nobilis	C006578	anethole
Laurus nobilis	C060283	secoisolariciresinol
Laurus nobilis	D013943	Thymol
Armoracia rusticana	D047310	Apigenin
Armoracia rusticana	C040015	myricetin
Armoracia rusticana	D047311	Luteolin
Armoracia rusticana	D011794	Quercetin
Armoracia rusticana	C006552	kaempferol
Virola surinamensis	C007768	formononetin
Virola surinamensis	C004541	biochanin A
Virola surinamensis	C025473	gamma-sitosterol
Virola surinamensis	C054125	sesamin
Iris germanica	C036380	amyrin
Iris germanica	C056165	acetovanillone
Iris germanica	C025473	gamma-sitosterol
Trigonella foenum-graecum	D013831	Thiamine
Trigonella foenum-graecum	C007768	formononetin
Trigonella foenum-graecum	D005707	Gallic Acid
Trigonella foenum-graecum	C006552	kaempferol
Trigonella foenum-graecum	D012431	Rutin
Trigonella foenum-graecum	C040048	caffeic acid
Trigonella foenum-graecum	C057912	homoorientin
Trigonella foenum-graecum	D011794	Quercetin
Trigonella foenum-graecum	C047368	3-methylquercetin
Trigonella foenum-graecum	C005273	naringenin
Trigonella foenum-graecum	D004610	Ellagic Acid
Trigonella foenum-graecum	D047311	Luteolin
Trigonella foenum-graecum	D012603	Scopoletin
Zanthoxylum piperitum	C056493	imiquimod
Zanthoxylum piperitum	C058895	1-(2-methoxyphenyl)-4-(4-(2-phthalimido)butyl)piperazine
Zanthoxylum piperitum	C054125	sesamin
Sinapis alba	C056493	imiquimod
Sinapis alba	C058895	1-(2-methoxyphenyl)-4-(4-(2-phthalimido)butyl)piperazine
Pimenta dioica	C075384	coniferaldehyde
Pimenta dioica	D005054	Eugenol
Pimenta dioica	C012526	quercitrin
Pimenta dioica	C040015	myricetin
Pimenta dioica	D005707	Gallic Acid
Pimenta dioica	C021304	hyperoside
Piper cubeba	C012195	asarone
Piper cubeba	C433065	cubebin
Piper cubeba	C008281	limonene
Eucalyptus dives	C056493	imiquimod
Eucalyptus dives	C058895	1-(2-methoxyphenyl)-4-(4-(2-phthalimido)butyl)piperazine
Mentha spicata	D047310	Apigenin
Mentha spicata	C040048	caffeic acid
Mentha spicata	C041376	rosmarinic acid
Mentha spicata	D047311	Luteolin
Mentha spicata	D011794	Quercetin
Mentha spicata	D005707	Gallic Acid
Mentha spicata	C005273	naringenin
Mentha spicata	C008281	limonene
Cuminum cyminum	D002392	Catechin
Cuminum cyminum	D005707	Gallic Acid
Cuminum cyminum	C018381	salvin
Cuminum cyminum	C008281	limonene
Cuminum cyminum	C007633	estragole
Cuminum cyminum	C006552	kaempferol
Cuminum cyminum	D005054	Eugenol
Cuminum cyminum	C040048	caffeic acid
Cuminum cyminum	D011794	Quercetin
Cuminum cyminum	C007210	4-cymene
Cuminum cyminum	D047310	Apigenin
Cuminum cyminum	C073316	carvacrol
Cuminum cyminum	C005273	naringenin
Cuminum cyminum	C024714	caryophyllene
Cuminum cyminum	C018584	linalool
Cuminum cyminum	C041376	rosmarinic acid
Cuminum cyminum	D047311	Luteolin
Cuminum cyminum	C006578	anethole
Cuminum cyminum	C445979	beta-elemene
Cuminum cyminum	D013943	Thymol
Medicago sativa	C004742	daidzein
Medicago sativa	C007768	formononetin
Medicago sativa	C056493	imiquimod
Medicago sativa	C040015	myricetin
Medicago sativa	C004541	biochanin A
Medicago sativa	C008281	limonene
Medicago sativa	C040048	caffeic acid
Medicago sativa	C029010	cinnamic acid
Medicago sativa	C047368	3-methylquercetin
Medicago sativa	D019833	Genistein
Medicago sativa	D019207	beta Carotene
Medicago sativa	C008574	beta-myrcene
Medicago sativa	C083152	liquiritigenin
Medicago sativa	C003140	phytofluene
Medicago sativa	D019802	Succinic Acid
Medicago sativa	D003375	Coumestrol
Medicago sativa	C018584	linalool
Medicago sativa	D010837	Vitamin K 1
Medicago sativa	D047311	Luteolin
Medicago sativa	C065861	malvidin
Medicago sativa	C058895	1-(2-methoxyphenyl)-4-(4-(2-phthalimido)butyl)piperazine
Medicago sativa	C021730	pinitol
Medicago sativa	C032171	4-coumaric acid
Carum carvi	D002392	Catechin
Carum carvi	D005707	Gallic Acid
Carum carvi	C018381	salvin
Carum carvi	D013012	Sorbitol
Carum carvi	C001579	astragalin
Carum carvi	C008281	limonene
Carum carvi	C082097	tocotrienol, delta
Carum carvi	C007633	estragole
Carum carvi	C006552	kaempferol
Carum carvi	D005054	Eugenol
Carum carvi	C028305	syringin
Carum carvi	C040048	caffeic acid
Carum carvi	D011794	Quercetin
Carum carvi	D005632	Fructose
Carum carvi	C066407	kaempferol-3-O-galactoside
Carum carvi	D024505	Tocopherols
Carum carvi	C016527	isoquercitrin
Carum carvi	D008353	Mannitol
Carum carvi	C013649	plastochromanol 8
Carum carvi	C073316	carvacrol
Carum carvi	C041376	rosmarinic acid
Carum carvi	C006578	anethole
Carum carvi	D013943	Thymol
Capparis spinosa	C056493	imiquimod
Capparis spinosa	C006552	kaempferol
Capparis spinosa	D012431	Rutin
Capparis spinosa	D011794	Quercetin
Capparis spinosa	C004999	ferulic acid
Capparis spinosa	C073734	sinapinic acid
Capparis spinosa	C058895	1-(2-methoxyphenyl)-4-(4-(2-phthalimido)butyl)piperazine
Allium sativum	C000596494	cyanidin 3-O-glucopyranoside
Allium sativum	C028009	diallyl disulfide
Allium sativum	C007836	geraniol
Allium sativum	C042577	diallyl trisulfide
Allium sativum	C006453	alliin
Allium sativum	C002979	selenomethylselenocysteine
Allium sativum	C006452	allicin
Allium sativum	C054528	allyl methyl disulfide
Allium sativum	C038491	allyl sulfide
Nepeta cataria	D005054	Eugenol
Satureja montana	D009828	Oleanolic Acid
Alpinia galanga	D005054	Eugenol
Alpinia galanga	C037032	galangin
Alpinia galanga	C057996	1'-acetoxyeugenol
Alpinia galanga	C047948	1'-acetoxychavicol acetate
Alpinia galanga	C005223	methyleugenol
Alpinia galanga	D002164	Camphor
Mentha x piperita	D047310	Apigenin
Mentha x piperita	D008610	Menthol
Mentha x piperita	D002392	Catechin
Mentha x piperita	C041376	rosmarinic acid
Mentha x piperita	C056068	theaflavin
Mentha x piperita	D004145	Diosmin
Mentha x piperita	D006569	Hesperidin
Mentha x piperita	C045651	epigallocatechin gallate
Curcuma zedoaria	D003474	Curcumin
Tilia tomentosa	D047310	Apigenin
Tilia tomentosa	C040048	caffeic acid
Tilia tomentosa	D047311	Luteolin
Tilia tomentosa	D011794	Quercetin
Tilia tomentosa	D005707	Gallic Acid
Tilia tomentosa	C005273	naringenin
Achillea millefolium	D012431	Rutin
Achillea millefolium	D047310	Apigenin
Achillea millefolium	C040048	caffeic acid
Achillea millefolium	D005054	Eugenol
Achillea millefolium	C007210	4-cymene
Achillea millefolium	D002726	Chlorogenic Acid
Achillea millefolium	C054132	artemetin
Melissa officinalis	C013015	hesperetin
Melissa officinalis	D047310	Apigenin
Melissa officinalis	C040048	caffeic acid
Melissa officinalis	C041376	rosmarinic acid
Melissa officinalis	D047311	Luteolin
Melissa officinalis	D011794	Quercetin
Melissa officinalis	D005707	Gallic Acid
Melissa officinalis	C047368	3-methylquercetin
Melissa officinalis	C005273	naringenin
Melissa officinalis	C108217	citronellal
Melissa officinalis	C006552	kaempferol
Papaver somniferum	C046414	6-codeinone
Papaver somniferum	C005705	sanguinarine
Papaver somniferum	C040048	caffeic acid
Papaver somniferum	D004298	Dopamine
Papaver somniferum	D003061	Codeine
Papaver somniferum	D009665	Noscapine
Papaver somniferum	D010208	Papaverine
Papaver somniferum	D009020	Morphine
Rhus coriaria	D005707	Gallic Acid
Origanum vulgare	C013015	hesperetin
Origanum vulgare	D047310	Apigenin
Origanum vulgare	C040048	caffeic acid
Origanum vulgare	C041376	rosmarinic acid
Origanum vulgare	D047311	Luteolin
Origanum vulgare	C005274	naringin
Origanum vulgare	D011794	Quercetin
Origanum vulgare	C073316	carvacrol
Origanum vulgare	D005707	Gallic Acid
Origanum vulgare	C047368	3-methylquercetin
Origanum vulgare	C006552	kaempferol
Persea americana	C045651	epigallocatechin gallate
Persea americana	D047310	Apigenin
Persea americana	D006719	Homovanillic Acid
Persea americana	D002392	Catechin
Persea americana	C040015	myricetin
Persea americana	D047311	Luteolin
Persea americana	D011794	Quercetin
Persea americana	C479580	procyanidin B2
Persea americana	D019817	Benzoic Acid
Persea americana	C006552	kaempferol
Ocimum basilicum	C000596494	cyanidin 3-O-glucopyranoside
Ocimum basilicum	D005707	Gallic Acid
Ocimum basilicum	C006552	kaempferol
Ocimum basilicum	C013015	hesperetin
Ocimum basilicum	D005054	Eugenol
Ocimum basilicum	C040048	caffeic acid
Ocimum basilicum	D011794	Quercetin
Ocimum basilicum	C047368	3-methylquercetin
Ocimum basilicum	C002070	betulinic acid
Ocimum basilicum	D047310	Apigenin
Ocimum basilicum	C016527	isoquercitrin
Ocimum basilicum	D009828	Oleanolic Acid
Ocimum basilicum	C005273	naringenin
Ocimum basilicum	C041376	rosmarinic acid
Ocimum basilicum	D047311	Luteolin
Ocimum basilicum	C008324	mannuronic acid
Cyperus longus	C056493	imiquimod
Cyperus longus	C058895	1-(2-methoxyphenyl)-4-(4-(2-phthalimido)butyl)piperazine
Salvia sclarea	D047310	Apigenin
Salvia sclarea	C051414	hydroxygenkwanin
Ocimum tenuiflorum	D047310	Apigenin
Smyrnium olusatrum	C056493	imiquimod
Smyrnium olusatrum	C058895	1-(2-methoxyphenyl)-4-(4-(2-phthalimido)butyl)piperazine
Nasturtium officinale	C013015	hesperetin
Nasturtium officinale	D047310	Apigenin
Nasturtium officinale	D047311	Luteolin
Nasturtium officinale	D011794	Quercetin
Nasturtium officinale	C047368	3-methylquercetin
Nasturtium officinale	C006552	kaempferol
Prunus mahaleb	C006552	kaempferol
Peumus boldus	C043372	ascaridole
Tilia cordata	D019301	Oleic Acid
Tilia cordata	D017962	alpha-Linolenic Acid
Tilia cordata	D019308	Palmitic Acid
Tilia cordata	D019787	Linoleic Acid
Curcuma longa	D003474	Curcumin
Curcuma longa	C050229	demethoxycurcumin
Allium tuberosum	D007288	Inosine
Allium tuberosum	C064309	kaempferol 3-O-sophoroside
Allium tuberosum	C040015	myricetin
Allium tuberosum	D008353	Mannitol
Allium tuberosum	D011794	Quercetin
Allium tuberosum	D000241	Adenosine
Allium tuberosum	C065299	S-allylcysteine
Allium tuberosum	C006552	kaempferol
Allium tuberosum	C054528	allyl methyl disulfide
Trigonella caerulea	D019289	Pyruvic Acid
Origanum x majoricum	D012431	Rutin
Origanum x majoricum	D047310	Apigenin
Origanum x majoricum	C040048	caffeic acid
Origanum x majoricum	D047311	Luteolin
Origanum x majoricum	C041376	rosmarinic acid
Origanum x majoricum	C005274	naringin
Origanum x majoricum	C018381	salvin
Origanum x majoricum	C055957	hispidulin
Elettaria cardamomum	D005707	Gallic Acid
Elettaria cardamomum	D020156	Salicylic Acid
Berberis vulgaris	C009438	tetrandrine
Berberis vulgaris	C055786	columbamine
Berberis vulgaris	C027870	berbamine
Berberis vulgaris	D001599	Berberine
Mentha aquatica	C013015	hesperetin
Mentha aquatica	D047310	Apigenin
Houttuynia cordata	C012526	quercitrin
Houttuynia cordata	C021304	hyperoside
Houttuynia cordata	C008281	limonene
Houttuynia cordata	C019286	camphene
Houttuynia cordata	C432872	geranyl acetate
Houttuynia cordata	C054895	manassantin A
Houttuynia cordata	D012431	Rutin
Houttuynia cordata	C054125	sesamin
Houttuynia cordata	D019308	Palmitic Acid
Houttuynia cordata	C008574	beta-myrcene
Houttuynia cordata	C016527	isoquercitrin
Houttuynia cordata	C073316	carvacrol
Houttuynia cordata	C024714	caryophyllene
Houttuynia cordata	C018584	linalool
Houttuynia cordata	D002726	Chlorogenic Acid
Brassica juncea	C073734	sinapinic acid
Carthamus tinctorius	D012431	Rutin
Carthamus tinctorius	D017962	alpha-Linolenic Acid
Carthamus tinctorius	C001579	astragalin
Carthamus tinctorius	C006552	kaempferol
Abelmoschus moschatus	D005204	Farnesol
Allium schoenoprasum	C013015	hesperetin
Allium schoenoprasum	D047310	Apigenin
Allium schoenoprasum	C000596494	cyanidin 3-O-glucopyranoside
Allium schoenoprasum	C040015	myricetin
Allium schoenoprasum	D047311	Luteolin
Allium schoenoprasum	D011794	Quercetin
Allium schoenoprasum	C047368	3-methylquercetin
Allium schoenoprasum	C006552	kaempferol
Ocimum x africanum	D047310	Apigenin
Ocimum x africanum	D047311	Luteolin
Apium graveolens	C012526	quercitrin
Apium graveolens	C056493	imiquimod
Apium graveolens	C040015	myricetin
Apium graveolens	D006139	Guaiacol
Apium graveolens	C006552	kaempferol
Apium graveolens	D008730	Methoxsalen
Apium graveolens	C013015	hesperetin
Apium graveolens	C005246	myristicin
Apium graveolens	C022909	5-methoxypsoralen
Apium graveolens	D011794	Quercetin
Apium graveolens	C047368	3-methylquercetin
Apium graveolens	D005363	Ficusin
Apium graveolens	D047310	Apigenin
Apium graveolens	D014307	Trioxsalen
Apium graveolens	C005273	naringenin
Apium graveolens	D047311	Luteolin
Apium graveolens	C058895	1-(2-methoxyphenyl)-4-(4-(2-phthalimido)butyl)piperazine
Capsicum annuum	D002392	Catechin
Capsicum annuum	C040015	myricetin
Capsicum annuum	C006552	kaempferol
Capsicum annuum	C013015	hesperetin
Capsicum annuum	D011794	Quercetin
Capsicum annuum	D019207	beta Carotene
Capsicum annuum	D019289	Pyruvic Acid
Capsicum annuum	D047310	Apigenin
Capsicum annuum	C003140	phytofluene
Capsicum annuum	C479580	procyanidin B2
Capsicum annuum	C005273	naringenin
Capsicum annuum	D014975	Lutein
Capsicum annuum	D047311	Luteolin
Capsicum annuum	C045651	epigallocatechin gallate
Cinnamomum tamala	D005054	Eugenol
Cinnamomum tamala	C012843	cinnamic aldehyde
Portulaca oleracea	D047310	Apigenin
Portulaca oleracea	C040015	myricetin
Portulaca oleracea	D047311	Luteolin
Portulaca oleracea	D009638	Norepinephrine
Portulaca oleracea	D011794	Quercetin
Portulaca oleracea	C006552	kaempferol
Perilla frutescens	D013831	Thiamine
Perilla frutescens	C113861	corosolic acid
Perilla frutescens	C008281	limonene
Perilla frutescens	C005466	ursolic acid
Perilla frutescens	D005054	Eugenol
Perilla frutescens	C005246	myristicin
Perilla frutescens	C040048	caffeic acid
Perilla frutescens	C007210	4-cymene
Perilla frutescens	D008610	Menthol
Perilla frutescens	D009828	Oleanolic Acid
Perilla frutescens	D017962	alpha-Linolenic Acid
Perilla frutescens	C018584	linalool
Perilla frutescens	C041376	rosmarinic acid
Sesamum indicum	D019301	Oleic Acid
Sesamum indicum	C025583	sesamol
Sesamum indicum	D006139	Guaiacol
Sesamum indicum	D000376	Agmatine
Sesamum indicum	C054125	sesamin
Angelica keiskei	D008730	Methoxsalen
Verbena officinalis	C010480	lupeol
Verbena officinalis	C058956	acteoside
Verbena officinalis	C054132	artemetin
Artemisia dracunculus	C013015	hesperetin
Artemisia dracunculus	D047310	Apigenin
Artemisia dracunculus	D047311	Luteolin
Artemisia dracunculus	D011794	Quercetin
Artemisia dracunculus	C047368	3-methylquercetin
Artemisia dracunculus	C007633	estragole
Artemisia dracunculus	C006552	kaempferol
Hibiscus sabdariffa	D005054	Eugenol
Hibiscus sabdariffa	C040015	myricetin
Hibiscus sabdariffa	D019343	Citric Acid
Hibiscus sabdariffa	D011794	Quercetin
Hibiscus sabdariffa	C059922	gossypetin
Hibiscus sabdariffa	C030298	malic acid
Cinnamomum aromaticum	C030123	coumarin
Cinnamomum aromaticum	C029010	cinnamic acid
Cymbopogon citratus	C108217	citronellal
Syzygium aromaticum	D002392	Catechin
Syzygium aromaticum	C040015	myricetin
Syzygium aromaticum	D005707	Gallic Acid
Syzygium aromaticum	C018381	salvin
Syzygium aromaticum	C007633	estragole
Syzygium aromaticum	C006552	kaempferol
Syzygium aromaticum	D005054	Eugenol
Syzygium aromaticum	C040048	caffeic acid
Syzygium aromaticum	D011794	Quercetin
Syzygium aromaticum	D020156	Salicylic Acid
Syzygium aromaticum	D009828	Oleanolic Acid
Syzygium aromaticum	C073316	carvacrol
Syzygium aromaticum	D004610	Ellagic Acid
Syzygium aromaticum	C041376	rosmarinic acid
Syzygium aromaticum	C006578	anethole
Syzygium aromaticum	D013943	Thymol
Salvia officinalis	C005274	naringin
Salvia officinalis	C458179	scutellarein
Salvia officinalis	C056493	imiquimod
Salvia officinalis	D005707	Gallic Acid
Salvia officinalis	C018381	salvin
Salvia officinalis	C008281	limonene
Salvia officinalis	C006552	kaempferol
Salvia officinalis	D012431	Rutin
Salvia officinalis	C013015	hesperetin
Salvia officinalis	C040048	caffeic acid
Salvia officinalis	C055957	hispidulin
Salvia officinalis	D011794	Quercetin
Salvia officinalis	C047368	3-methylquercetin
Salvia officinalis	C010480	lupeol
Salvia officinalis	D002164	Camphor
Salvia officinalis	C008574	beta-myrcene
Salvia officinalis	C025473	gamma-sitosterol
Salvia officinalis	D047310	Apigenin
Salvia officinalis	D009828	Oleanolic Acid
Salvia officinalis	C005273	naringenin
Salvia officinalis	C004999	ferulic acid
Salvia officinalis	C051414	hydroxygenkwanin
Salvia officinalis	C041376	rosmarinic acid
Salvia officinalis	D047311	Luteolin
Salvia officinalis	D002726	Chlorogenic Acid
Salvia officinalis	C058895	1-(2-methoxyphenyl)-4-(4-(2-phthalimido)butyl)piperazine
Salvia officinalis	C032171	4-coumaric acid
Anethum graveolens	C040015	myricetin
Anethum graveolens	D005707	Gallic Acid
Anethum graveolens	C008281	limonene
Anethum graveolens	C006552	kaempferol
Anethum graveolens	C013015	hesperetin
Anethum graveolens	C028305	syringin
Anethum graveolens	C040048	caffeic acid
Anethum graveolens	D013936	Thymidine
Anethum graveolens	D011794	Quercetin
Anethum graveolens	C047368	3-methylquercetin
Anethum graveolens	D047310	Apigenin
Anethum graveolens	C005273	naringenin
Anethum graveolens	D014529	Uridine
Anethum graveolens	D047311	Luteolin
Capsicum frutescens	D009655	Octopamine
Capsicum frutescens	C012037	solasodine
Cinnamomum burmannii	C030123	coumarin
Cinnamomum burmannii	C029010	cinnamic acid
Trachyspermum ammi	D013943	Thymol
Cinnamomum verum	D005054	Eugenol
Cinnamomum verum	C040048	caffeic acid
Cinnamomum verum	D002392	Catechin
Cinnamomum verum	C041376	rosmarinic acid
Cinnamomum verum	C018381	salvin
Cinnamomum verum	D011794	Quercetin
Cinnamomum verum	C006578	anethole
Cinnamomum verum	C073316	carvacrol
Cinnamomum verum	D005707	Gallic Acid
Cinnamomum verum	D013943	Thymol
Cinnamomum verum	D020156	Salicylic Acid
Cinnamomum verum	C007633	estragole
Cinnamomum verum	C006552	kaempferol
Citrus hystrix	D019840	2-Propanol
Citrus hystrix	C108217	citronellal
Citrus hystrix	C008281	limonene
Citrus hystrix	C007210	4-cymene
Citrus hystrix	C008574	beta-myrcene
Citrus hystrix	D000096	Acetone
Citrus hystrix	C024714	caryophyllene
Citrus hystrix	C018584	linalool
Citrus hystrix	C445979	beta-elemene
Citrus hystrix	D000431	Ethanol
Ruta graveolens	D012431	Rutin
Ruta graveolens	C505802	helioxanthin
Ruta graveolens	C022909	5-methoxypsoralen
Ruta graveolens	C020491	rhein
Ruta graveolens	D005363	Ficusin
Ruta graveolens	C031477	7-hydroxycoumarin
Crocus sativus	D009536	Niacinamide
Crocus sativus	C001579	astragalin
Crocus sativus	C006552	kaempferol
Crocus sativus	D019817	Benzoic Acid
Crocus sativus	C015358	methylparaben
Crocus sativus	C003140	phytofluene
Crocus sativus	C064309	kaempferol 3-O-sophoroside
Crocus sativus	D014498	Uracil
Crocus sativus	C029036	crocin
Crocus sativus	D000241	Adenosine
Crocus sativus	C010561	crocetin
Crocus sativus	C032171	4-coumaric acid
Aframomum melegueta	C024714	caryophyllene
Aframomum melegueta	C008574	beta-myrcene
Salvia rosmarinus	D002392	Catechin
Salvia rosmarinus	C005274	naringin
Salvia rosmarinus	D005707	Gallic Acid
Salvia rosmarinus	C018381	salvin
Salvia rosmarinus	C006552	kaempferol
Salvia rosmarinus	D012431	Rutin
Salvia rosmarinus	C013015	hesperetin
Salvia rosmarinus	C040048	caffeic acid
Salvia rosmarinus	C055957	hispidulin
Salvia rosmarinus	D011794	Quercetin
Salvia rosmarinus	C047368	3-methylquercetin
Salvia rosmarinus	D047310	Apigenin
Salvia rosmarinus	C005273	naringenin
Salvia rosmarinus	C041376	rosmarinic acid
Salvia rosmarinus	D047311	Luteolin
Origanum majorana	D012431	Rutin
Origanum majorana	D047310	Apigenin
Origanum majorana	D005054	Eugenol
Origanum majorana	C040048	caffeic acid
Origanum majorana	D002392	Catechin
Origanum majorana	D047311	Luteolin
Origanum majorana	D011794	Quercetin
Origanum majorana	D005707	Gallic Acid
Origanum majorana	C005273	naringenin
Ginkgo biloba	C012526	quercitrin
Ginkgo biloba	D002392	Catechin
Ginkgo biloba	D011801	Quinic Acid
Ginkgo biloba	C077458	ginkgetin
Ginkgo biloba	C006552	kaempferol
Ginkgo biloba	D012431	Rutin
Ginkgo biloba	C054125	sesamin
Ginkgo biloba	C477042	ginkgolide A
Ginkgo biloba	C047368	3-methylquercetin
Ginkgo biloba	C025473	gamma-sitosterol
Ginkgo biloba	D047310	Apigenin
Ginkgo biloba	C011164	amentoflavone
Ginkgo biloba	C016527	isoquercitrin
Ginkgo biloba	D008715	Methionine
Ginkgo biloba	C045856	ginkgolide B
Ginkgo biloba	C073710	bilobalide
Ginkgo biloba	D012765	Shikimic Acid
Petroselinum crispum	C056493	imiquimod
Petroselinum crispum	C040015	myricetin
Petroselinum crispum	D005707	Gallic Acid
Petroselinum crispum	C059006	tangeretin
Petroselinum crispum	C006552	kaempferol
Petroselinum crispum	D008730	Methoxsalen
Petroselinum crispum	C013015	hesperetin
Petroselinum crispum	C040048	caffeic acid
Petroselinum crispum	C005246	myristicin
Petroselinum crispum	C022909	5-methoxypsoralen
Petroselinum crispum	D011794	Quercetin
Petroselinum crispum	C047368	3-methylquercetin
Petroselinum crispum	D013395	Sucrose
Petroselinum crispum	D005363	Ficusin
Petroselinum crispum	D047310	Apigenin
Petroselinum crispum	C037032	galangin
Petroselinum crispum	C005273	naringenin
Petroselinum crispum	D047311	Luteolin
Petroselinum crispum	C058895	1-(2-methoxyphenyl)-4-(4-(2-phthalimido)butyl)piperazine
Gaultheria procumbens	D020156	Salicylic Acid
Gaultheria procumbens	C009135	2,3-dihydroxybenzoic acid
Thymus vulgaris	C005274	naringin
Thymus vulgaris	C003377	taxifolin
Thymus vulgaris	D005707	Gallic Acid
Thymus vulgaris	C018381	salvin
Thymus vulgaris	C006552	kaempferol
Thymus vulgaris	C005466	ursolic acid
Thymus vulgaris	D012431	Rutin
Thymus vulgaris	C013015	hesperetin
Thymus vulgaris	C040048	caffeic acid
Thymus vulgaris	C055957	hispidulin
Thymus vulgaris	D011794	Quercetin
Thymus vulgaris	C007210	4-cymene
Thymus vulgaris	C047368	3-methylquercetin
Thymus vulgaris	D047310	Apigenin
Thymus vulgaris	D009828	Oleanolic Acid
Thymus vulgaris	C073316	carvacrol
Thymus vulgaris	C005273	naringenin
Thymus vulgaris	D013943	Thymol
Thymus vulgaris	C041376	rosmarinic acid
Thymus vulgaris	D047311	Luteolin
Allium fistulosum	C013015	hesperetin
Allium fistulosum	C006680	baicalein
Allium fistulosum	D047310	Apigenin
Allium fistulosum	C040048	caffeic acid
Allium fistulosum	C040015	myricetin
Allium fistulosum	D011794	Quercetin
Allium fistulosum	C006452	allicin
Allium fistulosum	D006569	Hesperidin
Matricaria chamomilla	D002392	Catechin
Matricaria chamomilla	D005707	Gallic Acid
Matricaria chamomilla	C040048	caffeic acid
Matricaria chamomilla	D011794	Quercetin
Matricaria chamomilla	C056068	theaflavin
Matricaria chamomilla	D047310	Apigenin
Matricaria chamomilla	C005273	naringenin
Matricaria chamomilla	D047311	Luteolin
Matricaria chamomilla	C045651	epigallocatechin gallate
Levisticum officinale	C013015	hesperetin
Levisticum officinale	D047310	Apigenin
Levisticum officinale	C016527	isoquercitrin
Levisticum officinale	D047311	Luteolin
Levisticum officinale	D011794	Quercetin
Levisticum officinale	C047368	3-methylquercetin
Levisticum officinale	C004999	ferulic acid
Levisticum officinale	C006552	kaempferol
Myristica fragrans	D002392	Catechin
Myristica fragrans	D005707	Gallic Acid
Myristica fragrans	C018381	salvin
Myristica fragrans	C007633	estragole
Myristica fragrans	C006552	kaempferol
Myristica fragrans	D005054	Eugenol
Myristica fragrans	C005246	myristicin
Myristica fragrans	C040048	caffeic acid
Myristica fragrans	D011794	Quercetin
Myristica fragrans	C432503	licarin A
Myristica fragrans	D020156	Salicylic Acid
Myristica fragrans	C073316	carvacrol
Myristica fragrans	C041376	rosmarinic acid
Myristica fragrans	C006578	anethole
Myristica fragrans	D013943	Thymol
Illicium verum	D005054	Eugenol
Illicium verum	C040048	caffeic acid
Illicium verum	D002392	Catechin
Illicium verum	C041376	rosmarinic acid
Illicium verum	C018381	salvin
Illicium verum	D011794	Quercetin
Illicium verum	C006578	anethole
Illicium verum	C073316	carvacrol
Illicium verum	D005707	Gallic Acid
Illicium verum	D011736	Pyridoxine
Illicium verum	D013943	Thymol
Illicium verum	C007633	estragole
Illicium verum	C006552	kaempferol
Taraxacum officinale	D019301	Oleic Acid
Taraxacum officinale	D047310	Apigenin
Taraxacum officinale	C012526	quercitrin
Taraxacum officinale	C040048	caffeic acid
Taraxacum officinale	D047311	Luteolin
Taraxacum officinale	D002726	Chlorogenic Acid
Taraxacum officinale	D013395	Sucrose
Taraxacum officinale	C036380	amyrin
Taraxacum officinale	D014975	Lutein
Taraxacum officinale	C004999	ferulic acid
Sisymbrium officinale	C056493	imiquimod
Sisymbrium officinale	C058895	1-(2-methoxyphenyl)-4-(4-(2-phthalimido)butyl)piperazine
Pimpinella anisum	D005707	Gallic Acid
Pimpinella anisum	C040048	caffeic acid
Pimpinella anisum	D011794	Quercetin
Pimpinella anisum	D005632	Fructose
Pimpinella anisum	D013395	Sucrose
Pimpinella anisum	D047310	Apigenin
Pimpinella anisum	C005273	naringenin
Pimpinella anisum	D005990	Glycerol
Pimpinella anisum	D047311	Luteolin
Pimpinella anisum	C006578	anethole
Pimpinella anisum	C031927	hydroquinone
Lippia graveolens	C458179	scutellarein
Lippia graveolens	C037032	galangin
Lippia graveolens	D047311	Luteolin
Lippia graveolens	C055957	hispidulin
Lippia graveolens	D011794	Quercetin
Lippia graveolens	C005273	naringenin
Lippia graveolens	C059516	loganin
Alpinia officinarum	D005054	Eugenol
Alpinia officinarum	C012526	quercitrin
Alpinia officinarum	C037032	galangin
